{"stats":{"minecraft:mined":{"minecraft:grass_block":1,"minecraft:dirt":1},"minecraft:dropped":{"minecraft:mutton":2,"minecraft:white_wool":1,"minecraft:grass_block":1},"minecraft:custom":{"minecraft:time_since_rest":5631,"minecraft:open_chest":1,"minecraft:play_time":5631,"minecraft:sprint_one_cm":6649,"minecraft:damage_taken":140,"minecraft:walk_one_cm":17173,"minecraft:sneak_time":8,"minecraft:mob_kills":1,"minecraft:drop":4,"minecraft:jump":63,"minecraft:damage_dealt":160,"minecraft:leave_game":1,"minecraft:time_since_death":5631,"minecraft:total_world_time":5631,"minecraft:fall_one_cm":1228,"minecraft:fly_one_cm":225652},"minecraft:killed":{"minecraft:sheep":1},"minecraft:picked_up":{"minecraft:mutton":2,"minecraft:white_wool":1,"minecraft:dirt":2},"minecraft:used":{"minecraft:dirt":1,"minecraft:grass_block":3,"alexscaves:remote_detonator":3,"alexscaves:nuclear_siren":2,"alexscaves:nuclear_bomb":3,"alexscaves:siren_light":11}},"DataVersion":3465}