{
  "minecraft:adventure/root": {
    "criteria": {
      "killed_something": "2024-06-15 17:04:23 +0000"
    },
    "done": true
  },
  "alexscaves:alexscaves/nuclear_bomb": {
    "criteria": {
      "nuclear_bomb": "2024-06-15 17:04:59 +0000"
    },
    "done": true
  },
  "betterdungeons:root": {
    "criteria": {
      "always": "2024-06-15 17:03:11 +0000"
    },
    "done": true
  },
  "minecraft:adventure/adventuring_time": {
    "criteria": {
      "minecraft:snowy_slopes": "2024-06-15 17:06:17 +0000",
      "minecraft:stony_shore": "2024-06-15 17:03:12 +0000",
      "minecraft:cold_ocean": "2024-06-15 17:03:57 +0000",
      "minecraft:plains": "2024-06-15 17:03:29 +0000"
    },
    "done": false
  },
  "friendsandfoes:misc/yellow_dye_from_buttercup": {
    "criteria": {
      "has_the_recipe": "2024-06-15 17:03:10 +0000"
    },
    "done": true
  },
  "create:root": {
    "criteria": {
      "0": "2024-06-15 17:03:10 +0000"
    },
    "done": true
  },
  "betterdeserttemples:root": {
    "criteria": {
      "always": "2024-06-15 17:03:11 +0000"
    },
    "done": true
  },
  "tombstone:adventure/root": {
    "criteria": {
      "auto": "2024-06-15 17:03:12 +0000"
    },
    "done": true
  },
  "DataVersion": 3465
}